<?xml version="1.0" encoding="UTF-8" ?>
<configuration scan="false" scanPeriod="60000" debug="false">

    <appender name="STDOUT" class="ch.qos.logback.core.ConsoleAppender">
        <layout class="ch.qos.logback.classic.PatternLayout">
            <pattern>[%-5level] %d{HH:mm:ss.SSS} [%thread] %logger - %msg%n</pattern>
        </layout>
    </appender>

    <appender name="FILE" class="ch.qos.logback.core.rolling.RollingFileAppender">
        <rollingPolicy class="ch.qos.logback.core.rolling.TimeBasedRollingPolicy">
            <fileNamePattern>/data/mqtt/logs/client-%d{yyyy-MM-dd}.log</fileNamePattern>
            <maxHistory>15</maxHistory>
        </rollingPolicy>
        <encoder>
            <pattern>[%-5level] %d{HH:mm:ss.SSS} %logger - %msg%n</pattern>
        </encoder>
    </appender>

    <!-- 异步输出 -->
    <appender name ="ASYNC" class= "ch.qos.logback.classic.AsyncAppender">
        <!-- 不丢失日志.默认的,如果队列的80%已满,则会丢弃TRACT、DEBUG、INFO级别的日志 -->
        <discardingThreshold>0</discardingThreshold>
        <!-- 更改默认的队列的深度,该值会影响性能.默认值为256 -->
        <queueSize>256</queueSize>
        <!-- 添加附加的appender,最多只能添加一个 -->
        <appender-ref ref ="FILE"/>
    </appender>

    <logger name="java" additivity="false" />
    <logger name="org.eclipse.jetty" level="INFO"/>
    <logger name="org.nutz" level="DEBUG"/>

    <root level="DEBUG">
        <appender-ref ref="STDOUT" />
        <appender-ref ref="ASYNC" />
    </root>

</configuration>